,precision,recall,f1-score,support
False,0.9055888853804863,0.9569569569569569,0.9305645684620376,2997.0
True,0.7528735632183908,0.5679190751445087,0.6474464579901154,692.0
accuracy,0.8839793982108972,0.8839793982108972,0.8839793982108972,0.8839793982108972
macro avg,0.8292312242994386,0.7624380160507328,0.7890055132260765,3689.0
weighted avg,0.8769418257610312,0.8839793982108972,0.8774559394442631,3689.0
